TITLE: Bill of Materials
BOM NO: 05-074197-01-e.csv
DATE: 08/16/2024
DESIGN: 02_074197e_top
TEMPLATE: Z:\allegro\v174_site\cdssetup\template.bom
CALLOUT: 

ITEM#,Qty,WW_PN,DESCRIPTION," VALUE",JEDEC_TYPE,TOL,VOLTAGE,WATTAGE,LOCATION,MFG," MFG_PN",HLM_STATUS,STOCKROOM_WL,STOCKROOM_GT,STOCKROOM_LK,STOCKROOM_GBO,STOCKROOM_NSH,CUSTOM_PART,DNI
1,1,08_074197e,PCB,?,?,?,?,?,?,Analog Devices Supplied,08_074197e,N/A,?,?,?,?,?,?,?
2,1,E039867,"IC-ADI LOW NOISE, ZERO DRIFT OPAMP"," ADA4523-1BRMZ",MSOP8,N/A,N/A,?,A1,ANALOG DEVICES," ADA4523-1BRMZ",REL,N/A,N/A,N/A,N/A,N/A,?,?
3,1,E061377,ANTENNA 3.7DBI GAIN  2.4GHZ MID SMT 50 OHM," 479480001",ASML126W126H161,N/A,N/A,2W,ANT1,MOLEX," 479480001",REL,N/A,N/A,N/A,N/A,N/A,?,?
4,9,E031923,CAP CER 0.1uF 25V 10% X7R 0603 AEC-Q200 LOW ESR," 0.1uF",C0603,10,25V,N/A,"C1,C2_7,C2_9,C2_11,C3,C4,C4_22,C4_24,C_13",TDK," CGA3E2X7R1E104K080AA",REL,N/A,N/A,N/A,N/A,N/A,?,?
5,6,E018707,CAP CER 0.1uF 16V 10% X7R 0402," 0.1uF",C0402,10,16V,N/A,"C2_15,C2_17,C3_11,C3_17,C3_19,C10",KEMET," C0402C104K4RACTU",REL,N/A,N/A,N/A,N/A,7002106,?,?
6,3,E035094,CAP CER 10uF 35V 20% X7R 1206 AEC-Q200 LOW ESR," 10uF",C1206H71,20,35V,N/A,"C2,C4_23,C4_25",TDK," CGA5L1X7R1V106M160AC",REL,N/A,N/A,N/A,N/A,N/A,?,?
7,10,E026260,CAP CER 4.7uF 35V 10% X7R 0805 AEC-Q200 LOW ESR," 4.7uF",C0805H60,10,35V,N/A,"C2_8,C2_10,C2_12,C4_2,C4_3,C4_10,C4_14,C4_15,C4_19,C5",TDK," CGA4J1X7R1V475K125AC",REL,N/A,N/A,N/A,N/A,N/A,?,?
8,2,E014207,CAP CER 4.7uF 6.3V 20% X5R 0402," 4.7uF",C0402,20,6.3V,N/A,"C2_14,C2_16",MURATA," GRM155R60J475ME87D",REL,N/A,N/A,N/A,1661_CAB3,7003192,?,?
9,1,E021945,CAP CER 22pF 50V 5% C0G 0402," 22pF",C0402,5,50V,N/A,C2_18,YAGEO," CC0402JRNPO9BN220",REL,N/A,N/A,N/A,N/A,N/A,?,?
11,2,E046255,CAP CER 30PPF 50V 1% C0G 0402 AEC-Q200," 30PF",C0402,1,50V,N/A,"C2_22,C2_23",MURATA," GCM1555C1H300FA16D",REL,N/A,N/A,N/A,N/A,N/A,?,?
12,4,E042982,CAP CER 22NF 25V 5% X7R 0603," 22NF",C0603,5,25V,N/A,"C2_3,C2_4,C8,C9",AVX CORPORATION," 06033C223JAT2A",REL,N/A,N/A,N/A,N/A,N/A,?,?
13,2,E054398,"CAP CER 0.15UF 25V 10% X7R 0402, AEC-Q200"," 0.15UF",C0402,10,16V,N/A,"C2_5,C2_6",TDK," CGA2B3X7R1E154K050BB",REL,N/A,N/A,N/A,N/A,N/A,?,?
14,9,E019219,CAP CER 1uF 16V 10% 0402 LOW ESR," 1uF",C0402,10,16V,N/A,"C3_1,C3_2,C3_3,C3_4,C3_5,C3_8,C3_10,C3_16,C3_18",TDK," C1005X6S1C105K050BC",REL,N/A,N/A,N/A,N/A,7002703,?,?
15,4,E035951,CAP CER 22uF 10V 20% X5R 0603 AEC-Q200," 22uF",C0603,20,10V,N/A,"C3_12,C3_13,C3_14,C3_15",MURATA," GRT188R61A226ME13D",REL,N/A,N/A,N/A,N/A,N/A,?,?
16,2,E000343,CAP CER 12pF 50V 5% C0G 0603," 12pF",C0603,5,50V,N/A,"C3_20,C3_21",AVX," 06035A120JAT2A",REL,A004-0012-054,N/A,N/A,N/A,7002594,?,?
17,2,E045002,CAP CER 6PF 50V 0.1PF C0G 0402," 6PF",C0402,0.1pF,50V,N/A,"C3_22,C3_23",YAGEO," CC0402BRNPO9BN6R0",REL,N/A,N/A,N/A,N/A,N/A,?,?
18,4,E020596,CAP CER 1uF 16V 10% X7R 0603 AEC-Q200 LOW ESR," 1uF",C0603,10,16V,N/A,"C3_24,C3_25,C3_26,C3_27",TDK," CGA3E1X7R1C105K080AC",REL,N/A,N/A,N/A,N/A,N/A,?,?
19,1,E008247,CAP CER 47uF 6.3V 20% X5R 0805," 47uF",C0805H60,20,6.3V,N/A,C3_6,TAIYO YUDEN," JMK212BBJ476MG-T",REL,A004-0008-070,N/A,N/A,N/A,N/A,?,?
21,1,E030855,CAP CER 3300pF 50V 10% X7R 0603 AEC-Q200 LOW ESR," 3300pF",C0603,10,50V,N/A,C3_9,TDK," CGA3E2X7R1H332K080AA",REL,N/A,N/A,N/A,N/A,N/A,?,?
22,2,E048331,CAP CER 0.1UF 50V 10% X7R 0402 AEC-Q200," 0.1UF",C0402,10,50V,N/A,"C4_7,C4_11",MURATA," GCM155R71H104KE02D",REL,N/A,N/A,N/A,N/A,N/A,?,?
23,3,E058533,CAP CER 22UF 16V 10% X7R 1210 AEC-Q200," 22UF",C3_2X2_5H2_7,10,16V,N/A,"C4_4,C4_5,C4_12",MURATA," GCM32ER71C226KE19L",REL,N/A,N/A,N/A,N/A,N/A,?,?
24,1,E019496,CAP CER 1uF 100V 10% X7R 1210 AEC-Q200," 1uF",C1210,10,100V,N/A,C4_16,KEMET," C1210C105K1RACAUTO",REL,N/A,N/A,N/A,N/A,7002692,?,?
26,1,E044245,CAP CER 4.7PF 50V 0.25PF C0G 0603 AEC-Q200," 4.7PF",C0603,0.25pF,50V,N/A,C4_18,TDK," CGA3E2C0G1H4R7C080AA",REL,N/A,N/A,N/A,N/A,N/A,?,?
27,1,E030853,CAP CER 0.1uF 50V 10% X7R 0603 AEC-Q200 LOW ESR," 0.1uF",C0603,10,50V,N/A,C4_20,TDK," CGA3E2X7R1H104K080AA",REL,N/A,N/A,N/A,N/A,N/A,?,?
28,1,E057622,CAP CER 3.3UF 10V 10% X5R 0603 AEC-Q200," 3.3UF",C0603,10,10V,N/A,C4_21,TDK," CGA3E1X5R1A335K080AC",REL,N/A,N/A,N/A,N/A,N/A,?,?
29,1,E028144,CAP CER 2.2uF 6.3V 10% X7R 0603 AEC-Q200," 2.2uF",C0603,10,6.3V,N/A,C4_8,MURATA," GCM188R70J225KE22D",REL,N/A,N/A,N/A,N/A,N/A,?,?
30,1,E058535,CAP CER 4.7UF 16V 10% X7R 0805 AEC-Q200," 4.7UF",C0805H60,10,16V,N/A,C4_9,MURATA," GCJ21BR71C475KA01L",REL,N/A,N/A,N/A,N/A,N/A,?,?
31,1,E032690,CAP CER 1.2pF 50V 0.25pF C0G 0402 AEC-Q200," 1.2pF",C0402,0.25pF,50V,N/A,C6,MURATA," GCM1555C1H1R2CA16D",REL,N/A,N/A,N/A,N/A,N/A,?,?
34,1,E028832,DIO GEN PURPOSE RECTIFIER," S2A",DO214AA1,N/A,50V,N/A,D1,FAIRCHILD SEMICONDUCTOR," S2A",REL,N/A,N/A,N/A,N/A,N/A,?,?
35,1,E061340,DIO TVS BIDIRECTIONAL 22.5V (CLAMPING) 27.1A," P6SMB16CA",DO214AA-5,N/A,13.6V,600W,D2,"LITTELFUSE, INC."," P6SMB16CA",REL,N/A,N/A,N/A,N/A,N/A,?,?
37,2,E065210,DIO SUPER BARRIER REFCTIFIER 400V 1A 85NS," SBR1A400P1-7",SOD123HE,N/A,400V,N/A,"D3,D4",DIODES INCORPORATED," SBR1A400P1-7",REL,N/A,N/A,N/A,N/A,N/A,?,?
38,1,E033509,"DIO SCHOTTKY BARRIER RECTIFIER, 1A"," PMEG6010CEJ",SOD323F_B,N/A,60V,N/A,D4_1,NEXPERIA," PMEG6010CEJ",REL,N/A,N/A,N/A,N/A,N/A,?,?
39,1,E027295,LED UNI-COLOR YELLOW 585NM WAVELEGTH PEAK," SML-LX0603YW-TR",LED0603-2,N/A,2.2V,N/A,DS3_1,LUMEX," SML-LX0603YW-TR",REL,N/A,N/A,N/A,N/A,N/A,?,?
40,1,E018702,LED SMD 0603 GREEN," SML-LX0603GW-TR",LED0603-2,N/A,N/A,0.05W,DS3_2,LUMEX," SML-LX0603GW-TR",REL,N/A,N/A,N/A,N/A,7004208,?,?
41,1,E065212,LED UNI-COLOR BLUE 470NM," SML-LX0603USBW-TR",LED0603-2,N/A,3.9V,N/A,DS3_3,LUMEX INC.," SML-LX0603USBW-TR",REL,N/A,N/A,N/A,N/A,N/A,?,?
42,1,E065211,LED LOW-POWER UNI-COLOR RED 635NM 2V," SML-LX0603IW-TR",LED0603-2,N/A,2.5V,50MW,DS3_4,LUMEX INC.," SML-LX0603IW-TR",REL,N/A,N/A,N/A,N/A,N/A,?,?
43,3,E025769,"IND FERRITE BEAD, 2.2OHM MAX DC RESISTANCE, 0.2A"," 1.8K OHM AT 100MEGHZ",L0402,25,N/A,N/A,"E1,E2_6,E2_7",MURATA," BLM15HD182SN1D",REL,N/A,N/A,N/A,N/A,7001397,?,?
44,5,E019402,IND CHIP FERRITE BEAD," 150OHM",L1806,25,N/A,N/A,"E2_1,E2_2,E2_3,E2_4,E2_5",LAIRD TECHNOLOGIES," LI1806C151R-10",REL,N/A,N/A,N/A,N/A,N/A,?,?
45,1,E065700,"FUSE, MEDIUM BLOW, 20A 250V 3912"," 20A",F3912,250V,N/A,N/A,F1,BEL FUSE," 0678L9200-02",REL,N/A,N/A,N/A,N/A,N/A,?,?
46,1,E006296,CONN-PCB HEADER 2 POS," TSW-102-08-G-S",CNSAMTEC1X2H330LD36,N/A,N/A,N/A,GND_1,SAMTEC," TSW-102-08-G-S",REL,ADD_TO_STOCK_2,N/A,N/A,N/A,N/A,?,?
47,1,E065037,RELAY DPST (2 FORM A) 35A 12VDC," AZSR235-2AE-12D",RLTHL1575W984H1947,N/A,12V,N/A,K2,"AMERICAN ZETTLER, INC."," AZSR235-2AE-12D",REL,N/A,N/A,N/A,N/A,N/A,?,?
49,1,E017364,IND SM CHIP COILS," 4.3nH",L0402,0.3nH,N/A,N/A,L2,MURATA MANUFACTURING," LQG15HN4N3S02D",REL,N/A,N/A,N/A,N/A,7005181,?,?
50,1,E021261,IND POWER SHIELDED WIREWOUND 2.2UH 20% 1MHZ 5.5A 0.0387 OHM DCR 1515 AEC-Q200," 2.2uH",LSMSQ157H83_A,20,N/A,N/A,L3_1,COILCRAFT," XAL4020-222MEC",REL,N/A,N/A,N/A,N/A,N/A,?,?
51,2,E017908,"IND SHIELDED POWER, USE SYM7 & 8 FOR SYMBOL HAS POLARITY FOR START OF WINDING"," 2.2uH",LSML208W216H122,20,N/A,N/A,"L4_1,L4_2",COILCRAFT," XAL5030-222MEC",REL,N/A,N/A,N/A,N/A,N/A,?,?
52,1,E020035,INDUCTOR COUPLED LPD5030," 4.7uH",LSMSQ189H118,20,N/A,N/A,L4_3,COILCRAFT," LPD5030-472MRC",REL,N/A,N/A,N/A,N/A,N/A,?,?
53,1,E042147,MOD AC/DC CONVERTER 12V 21.6W 1.8A," IRM-20-12",MIRM-20,N/A,N/A,N/A,M1,MEAN WELL USA INC.," IRM-20-12",REL,N/A,N/A,N/A,N/A,N/A,?,?
54,1,E062266,CONN-PCB 3POS WIRE-TO-BOARD TERMINAL BLOCK 5.00MM PITCH RA SOLDER TAIL 3.5MM," 796644-3",CNTE796644-3,N/A,N/A,N/A,P1,TE CONNECTIVITY," 796644-3",REL,N/A,N/A,N/A,N/A,N/A,?,?
55,1,E062267,CONN-PCB 4POS WIRE-TO-BOARD TERMINAL BLOCK 5.00MM PITCH RA SOLDER TAIL 3.5MM," 796644-4",CNTE796644-4,N/A,N/A,N/A,P2,TE CONNECTIVITY," 796644-4",REL,N/A,N/A,N/A,N/A,N/A,?,?
56,1,E032480,"CONN-PCB 10POS MALE HDR DUAL ROW RA, 1.27MM PITCH, 3.05MM POST HEIGHT"," FTSH-105-01-L-DH-A",CNSMMHDRRA2X5L250W99H140,N/A,N/A,N/A,P3_1,SAMTEC INC.," FTSH-105-01-L-DH-A",REL,N/A,N/A,N/A,N/A,N/A,?,?
57,1,E050471,TRAN MOSFET N-CH 30V 0.35A 3LD SOT-23," DMN63D8L-7",SOT23_B,N/A,30V,N/A,Q1,DIODES INCORPORATED," DMN63D8L-7",REL,N/A,N/A,N/A,N/A,N/A,?,?
58,11,E003671,RES SMD 10K Ohm 1% 1/10W 0603 AEC-Q200," 10K",R0603,1,N/A,1/10W,"R1,R2,R3,R3_1,R3_2,R3_3,R3_8,R4,R7,R8,R9",PANASONIC," ERJ-3EKF1002V",REL,A003-0032-006,N/A,FEC 911-355,1517_CAB3,7000401,?,?
60,12,E064593,RES SMD 330K OHM 1% 1/4W 1206 AEC-Q200," 330K",R1206,1,N/A,1/4W,"R2_22,R2_23,R2_24,R11,R12,R13,R16,R17,R18,R19,R20,R21",YAGEO," VT1206FRE07330KL",REL,N/A,N/A,N/A,N/A,N/A,?,?
61,4,E064347,RES SMD 1.33K OHM 1% 1/4W 1206," 1.33K",R1206,1,N/A,1/4W,"R2_28,R2_29,R14,R15",YAGEO," RC1206FR-071K33L",REL,N/A,N/A,N/A,N/A,N/A,?,?
62,2,E030314,RES SMD 1.54K Ohm 1% 1/10W 0603 AEC-Q200," 1.54K",R0603,1,N/A,1/10W,"R22,R23",PANASONIC," ERJ-3EKF1541V",REL,N/A,N/A,N/A,N/A,N/A,?,?
63,4,E030871,RES SMD 100K Ohm 1% 1/10W 0603 AEC-Q200," 100K",R0603,1,N/A,1/10W,"R4_10,R4_12,R24,R25",VISHAY," CRCW0603100KFKEA",REL,N/A,N/A,N/A,N/A,N/A,?,?
64,18,E007502,RES SMD 0 Ohm JUMPER 1/10W 0603 AEC-Q200 PRECISION POWER," 0",R0603,JUMPER,N/A,1/10W,"R2_27,R2_32,R2_33,R2_34,R2_35,R2_36,R2_37,R4_3,R4_11,R4_13,R4_17,R4_18,R4_20,R4_21,R4_22,R4_23,R5,RF_DR",VISHAY," CRCW06030000Z0EA",REL,N/A,N/A,N/A,N/A,7000371,?,?
65,2,E003691,RES SMD 150 Ohm 1% 1/10W 0603 AEC-Q200," 150",R0603,1,N/A,1/10W,"R2_30,R2_31",PANASONIC," ERJ-3EKF1500V",REL,A003-0032-032,N/A,FEC 911-136,N/A,7006193,?,?
66,2,E003751,RES SMD 10K Ohm 1% 1/10W 0402 AEC-Q200," 10K",R0402,1,N/A,1/10W,"R2_38,R2_39",PANASONIC," ERJ-2RKF1002X",REL,A003-0035-004,41816DG719,N/A,N/A,7000582,?,?
67,7,E003678,RES SMD 1K Ohm 1% 1/10W 0603 AEC-Q200," 1K",R0603,1,N/A,1/10W,"R3_4,R3_5,R3_6,R3_7,R4_8,R4_9,R4_14",PANASONIC," ERJ-3EKF1001V",REL,A003-0032-013,41816DG207,FEC 911-239,N/A,7001194,?,?
68,1,E060183,RES SMD 18K OHM 1% 1/16W 0402 AEC-Q200," 18K",R0402,1,N/A,1/16W,R4_15,YAGEO," AC0402FR-0718KL",REL,N/A,N/A,N/A,N/A,N/A,?,?
69,1,E008190,RES SMD 4.7K Ohm 1% 1/10W 0402 AEC-Q200," 4.7K",R0402,1,50V,1/10W,R4_16,PANASONIC," ERJ-2RKF4701X",REL,N/A,N/A,N/A,1548_CAB3,7007535,?,?
70,1,E014667,RES SMD 2.2K Ohm 1% 1/10W 0603 AEC-Q200," 2.2K",R0603,1,N/A,1/10W,R4_19,PANASONIC," ERJ-3EKF2201V",REL,N/A,N/A,N/A,N/A,N/A,?,?
71,2,E003682,RES SMD 1MEG Ohm 1% 1/10W 0603 AEC-Q200," 1MEG",R0603,1,N/A,1/10W,"R4_4,R4_7",PANASONIC," ERJ-3EKF1004V",REL,A003-0032-017,41816DG307,FEC 911-598,N/A,N/A,?,?
72,1,E033372,RES SMD 806K Ohm 1% 1/10W 0603 AEC-Q200," 806K",R0603,1,N/A,1/10W,R4_5,PANASONIC," ERJ-3EKF8063V",REL,N/A,N/A,N/A,N/A,N/A,?,?
73,1,E050705,RES SMD 71.5K OHM 1% 1/10W 0603 AEC-Q200," 71.5K",R0603,1,N/A,1/10W,R4_6,VISHAY," CRCW060371K5FKEA",REL,N/A,N/A,N/A,N/A,N/A,?,?
74,1,E061342,RES SMD 0.001 OHM 3W 1% 1216 AEC-Q200," 0.001",R1216,1,N/A,3W,RS,"KOA SPEER ELECTRONICS, INC."," PSF4NTEB1L00F",REL,N/A,N/A,N/A,N/A,N/A,?,?
75,4,E062268,SWITCH TACTILE OFF (ON) SPST ROUND BUTTON PC PINS 0.05A 24VDC 1.57N THRU-HOLE LOOSE," 1-1825027-1",SWTE-1-1825027-1,N/A,N/A,N/A,"S3_1,S3_2,S3_3,S3_4",TE CONNECTIVITY," 1-1825027-1",REL,N/A,N/A,N/A,N/A,N/A,?,?
76,1,E059291,XFMR DIFFERENTIAL CURRENT SENSOR - FOR ENGINEERING USE ONLY," T60404N4641X920",TT60404N4641X920,N/A,N/A,N/A,T1,VACUUMSCHMELZE," T60404N4641X920",RWC,N/A,N/A,N/A,N/A,N/A,?,?
77,1,E050210,"IC-ADI 3-CHANNEL, ISOLATED, SIGMA DELTA ADC WITH SPI"," ADE9113ARNZ",SO28,N/A,N/A,?,U1,ANALOG DEVICES," ADE9113ARNZ",REL,N/A,N/A,N/A,N/A,N/A,?,?
78,1,E054183,IC-ADI BLUETOOTH V5.2 (BLE) SMART SOC IOT 2MBPS 1.8V," MAX32655GXG+",BGA81_8X8,N/A,N/A,?,U2,MAXIM INTEGRATED," MAX32655GXG+",REL,N/A,N/A,N/A,N/A,N/A,?,?
79,1,E056322,"IC-ADI LOW IQ BOOST/SEPIC/INVERTING CONVERTER WITH 1A, 60V SWITCH"," LT8330EDDB#TRMPBF",DFN8_3X2_PAD2_15X0_56,N/A,N/A,?,U3,ANALOG DEVICES," LT8330EDDB#TRMPBF",REL,N/A,N/A,N/A,N/A,N/A,?,?
80,1,E061062,"IC-ADI HIGH-EFFICIENCY, 36V, DUAL SYNCHRONOUS BUCK CONVERTERS (3.5A/2A) FOR AUTOMOTIVE APPLICATION, 2.1MHZ SWITCHING FREQUENCY, 5V/3.3V OUTPUT VOLTAGE"," MAX20457ATIE/VY+",QFN28_5X5_PAD2_7X2_7H0_8,N/A,5V,?,U4,ANALOG DEVICES," MAX20457ATIE/VY+",REL,N/A,N/A,N/A,N/A,N/A,?,?
81,1,E029518,IC-ADI 12-BIT DIGITAL TEMP SENSOR," ADT75BRMZ",MSOP8,N/A,N/A,?,U5,ANALOG DEVICES," ADT75BRMZ",REL,N/A,N/A,N/A,N/A,N/A,?,?
82,1,E065209,"IC-LIN DUAL-CHANNEL LOW INPUT CURRENT, HIGH-GAIN RNOPTOCOUPLERS"," HCPL-2731-300E",DIP8_9_65X6_35_SMT,N/A,N/A,?,U6,BROADCOM LIMITED," HCPL-2731-300E",REL,N/A,N/A,N/A,N/A,N/A,?,?
83,1,E065353,IC-TTL QUAD 2-INPUT OR GATE WITH SCHMITT TRIGGER INPUTS," 74LV7032APWJ",TSSOP14,N/A,N/A,?,U7,NEXPERIA," 74LV7032APWJ",REL,N/A,N/A,N/A,N/A,N/A,?,?
84,1,E061404,IC XTAL 16.3840MHZ 18PF," 16.3840MEGHZ",YSML134W106H31,20PPM,N/A,N/A,Y1,WURTH ELEKTRONIK," 830105961509",REL,N/A,N/A,N/A,N/A,N/A,?,?
85,1,E058951,IC CRYSTAL 32MEGHZ -/+12PPM 12PF," 32MEGHZ",YSML98W79H26,10ppm,N/A,N/A,Y3_1,EPSON TOYOCOM," FA-20H 32.0000MF12Y-W3",REL,N/A,N/A,N/A,N/A,N/A,?,?
86,1,E024638,"IC CRYSTAL, 6.0PF LOAD CAP. FOR OA/AV/MOBILE COMMUNICATION"," 32.7680KHZ",YSML126W59H35,20ppm,N/A,N/A,Y3_2,NDK AMERICA INC.," NX3215SA-32.768K-STD-MUA-14",REL,N/A,N/A,N/A,N/A,N/A,?,?


The following components are part of the PCB or are NOT to be installed
ITEM#,Qty,WW_PN,DESCRIPTION," VALUE",JEDEC_TYPE,TOL,VOLTAGE,WATTAGE,LOCATION,MFG," MFG_PN",HLM_STATUS,STOCKROOM_WL,STOCKROOM_GT,STOCKROOM_LK,STOCKROOM_GBO,STOCKROOM_NSH,CUSTOM_PART,DNI
 10,3,E041472,CAP CER 10pF 50V 0.5pF C0G 0402," 10pF",C0402,0.5PF,50V,N/A,"C2_19,C2_20,C2_21",TDK," CGA2B2C0G1H100D050BA",REL,N/A,N/A,N/A,N/A,N/A,?,DNI
 20,1,E008247,CAP CER 47uF 6.3V 20% X5R 0805," 47uF",C0805H60,20,6.3V,N/A,C3_7,TAIYO YUDEN," JMK212BBJ476MG-T",REL,A004-0008-070,N/A,N/A,N/A,N/A,?,DNI
 25,1,E044245,CAP CER 4.7PF 50V 0.25PF C0G 0603 AEC-Q200," 4.7PF",C0603,0.25pF,50V,N/A,C4_17,TDK," CGA3E2C0G1H4R7C080AA",REL,N/A,N/A,N/A,N/A,N/A,?,DNI
 32,1,E032690,CAP CER 1.2pF 50V 0.25pF C0G 0402 AEC-Q200," 1.2pF",C0402,0.25pF,50V,N/A,C7,MURATA," GCM1555C1H1R2CA16D",REL,N/A,N/A,N/A,N/A,N/A,?,DNI
 33,1,E018707,CAP CER 0.1uF 16V 10% X7R 0402," 0.1uF",C0402,10,16V,N/A,CF_DR,KEMET," C0402C104K4RACTU",REL,N/A,N/A,N/A,N/A,7002106,?,DNI
 36,10,E029312,DIODE SWITCHING 100V 0.15A 150mW 2LD SOD-523F HIGH SPEED," CDSUR4148-HF",SOD523FH33,N/A,100V,N/A,"D2_1,D2_2,D2_3,D2_4,D2_5,D2_6,D2_7,D2_8,D2_9,D2_10",COMCHIP," CDSUR4148-HF",REL,N/A,N/A,N/A,N/A,N/A,?,DNI
 48,1,E011651,IND CHIP COIL 1210," 270uH",L1210,5,N/A,N/A,L1,MURATA MANUFACTURING," LQH32MN271J23L",REL,N/A,N/A,N/A,N/A,7005085,?,DNI
 59,4,E007502,RES SMD 0 Ohm JUMPER 1/10W 0603 AEC-Q200 PRECISION POWER," 0",R0603,JUMPER,N/A,1/10W,"R4_1,R4_2,R6,R10",VISHAY," CRCW06030000Z0EA",REL,N/A,N/A,N/A,N/A,7000371,?,DNI

