TITLE: Bill of Materials
BOM NO: 05-068269-01-b.csv
DATE: 02/03/2023
DESIGN: 02_068269b_top
TEMPLATE: Z:\allegro\v174_site\cdssetup\template.bom
CALLOUT: C:\tmp\20_068269c\worklib\02_068269b_top\bom\bom.callouts

ITEM#,Qty,WW_PN,DESCRIPTION," VALUE",JEDEC_TYPE,TOL,VOLTAGE,WATTAGE,LOCATION,MFG," MFG_PN",HLM_STATUS,STOCKROOM_WL,STOCKROOM_GT,STOCKROOM_LK,STOCKROOM_GBO,STOCKROOM_NSH,CUSTOM_PART,DNI
1,1,08_068269c,PCB,?,?,?,?,?,?,Analog Devices Supplied,08_068269c,N/A,?,?,?,?,?,?,?
2,1,E030191,"LED CHIMP LAMP RED, 640NM"," APT1608LSECK/J3-PRV",LED0603,N/A,1.8V,N/A,ALERT,KINGBRIGHT ELECTRONIC," APT1608LSECK/J3-PRV",REL,N/A,N/A,N/A,N/A,N/A,?,?
3,3,E048461,CAP CER 0.01UF 2000V 10% X7R 2220," 0.01UF",C2220-2,10,2000V,N/A,"C1,C5,C6",MURATA," GR455DR73D103KW01L",REL,N/A,N/A,N/A,N/A,N/A,?,?
4,1,E031432,CAP CER 0.22uF 100V 10% X7S 0603 AEC-Q200," 0.22uF",C0603,10,100V,N/A,C10,TAIYO YUDEN," HMK107C7224KAHTE",REL,N/A,N/A,N/A,N/A,N/A,?,?
5,2,E058444,CAP CER 0.047UF 100V X7R 0603," 47NF",C0603,10,100V,N/A,"C9,C11",WURTH ELEKTRONIK," 885012206118",REL,N/A,N/A,N/A,N/A,N/A,?,?
6,1,E043900,CAP CER 22NF 100V 10% X7R 0603," 22NF",C0603,10,100V,N/A,C12,KEMET," C0603C223K1RACTU",REL,N/A,N/A,N/A,N/A,N/A,?,?
8,5,E057970,CAP CER 4.7UF 10% 100V X5R 0805," 4.7UF",C0805H55,10,100V,N/A,"C14,C15,C19,C20,C21",TDK," C2012X5R2A475K125AC",REL,N/A,N/A,N/A,N/A,N/A,?,?
9,1,E044727,CAP ALUM ELECT 47UF 50V 20% 8X10.5MM AEC-Q200 250MA 3000H," 47UF",CPLSMSQ327H413,20,50V,N/A,C16,RUBYCON CORPORATION," 50THV47M8X10.5",REL,N/A,N/A,N/A,N/A,N/A,?,?
10,1,E031885,CAP CER 2.2uF 25V 10% X5R 0603," 2.2uF",C0603,10,25V,N/A,C17,MURATA," GRM188R61E225KA12D",REL,N/A,N/A,N/A,N/A,N/A,?,?
11,1,E026358,CAP ALUM ELECT 22uF 100V 20% 2312 AEC-Q200," 22uF",CPLSMSQ327H413,20,100V,N/A,C18,PANASONIC," EEEFK2A220P",REL,N/A,N/A,N/A,N/A,N/A,?,?
12,2,E018909,CAP CER 0.22uF 100V 5% X7R 0805," 0.22uF",C0805H60,5,100V,N/A,"C2,C3",KEMET," C0805C224J1RACTU",REL,N/A,N/A,N/A,N/A,7002179,?,?
13,1,E052871,CAP CER 270PF 100V X7R 10% 0603," 270PF",C0603,10,100V,N/A,C22,SAMSUNG," CL10B271KC8WPNC",REL,N/A,N/A,N/A,N/A,N/A,?,?
14,2,E048498,CAP CER 1UF 25V 10% X5R 0603," 1UF",C0603,10,25V,N/A,"C23,C40",YAGEO," CC0603KRX5R8BB105",REL,N/A,N/A,N/A,N/A,N/A,?,?
15,1,E033725,CAP CER 4700pF 2000V 10% X7R 1812," 4700pF",C1812H79,10,2000V,N/A,C24,WURTH ELEKTRONIK," 885342211008",REL,N/A,N/A,N/A,N/A,N/A,?,?
16,3,E033226,CAP CER 100uF 10V 20% X5R 1210," 100uF",C1210H106,20,10V,N/A,"C25,C26,C27",SAMSUNG," CL32A107MPVNNNE",REL,N/A,N/A,N/A,N/A,N/A,?,?
17,5,E026468,CAP CER 0.1uF 16V 10% X7R 0402," 0.1uF",C0402H22,10,16V,N/A,"C28,C30,C32,C35,C39",WURTH ELEKTRONIK," 885012205037",REL,N/A,N/A,N/A,N/A,N/A,?,?
18,3,E034502,CAP CER 0.01uF 25V 10% X7R 0603," 0.01uF",C0603,10,25V,N/A,"C29,C31,C34",SAMSUNG," CL10B103KA8NNNC",REL,N/A,N/A,N/A,N/A,N/A,?,?
19,1,E058445,CAP CER 680NF 10V X7R 0603," 680NF",C0603,10,10V,N/A,C33,WURTH ELEKTRONIK," 885012206025",REL,N/A,N/A,N/A,N/A,N/A,?,?
20,2,E054381,CAP CER 15PF 50V 5% C0G 0402," 15PF",C0402H22,5,50V,N/A,"C36,C37",WURTH ELEKTRONIK," 885012005056",REL,N/A,N/A,N/A,N/A,N/A,?,?
21,2,E055826,CAP CER 100PF 2000V 5% C0G 1206," 100PF",C1206,5,2000V,N/A,"C4,C7",WURTH ELEKTRONIK," 885342008011",REL,N/A,N/A,N/A,N/A,N/A,?,?
22,2,E058446,CAP CER 100NF 25V X7R 0402," 100NF",C0402,10,25V,N/A,"C42,C43",WURTH ELEKTRONIK," 885012205085",REL,N/A,N/A,N/A,N/A,N/A,?,?
23,1,E048105,CAP CER 0.1UF 100V 10% X7R 0603," 0.1UF",C0603,10,100V,N/A,C8,WURTH ELEKTRONIK," 885012206120",REL,N/A,N/A,N/A,N/A,N/A,?,?
24,1,E048935,DIO TVS BIDIRECTIONAL 2A SOD323 AEC-Q101," D55V0M1B2WSQ-7",SOD323_B,N/A,100V,1/4W,D1,DIODES INCORPORATED," D55V0M1B2WSQ-7",REL,N/A,N/A,N/A,N/A,N/A,?,?
25,1,E019922,DIODE STEERING/TVS ARRAY," CD143A-SR05",SOT143,N/A,5V,500W,D2,BOURNS," CD143A-SR05",REL,N/A,N/A,N/A,N/A,N/A,?,?
26,2,E035075,"DIO 100V 2A LOW LEAKAGE CURRENT SCHOTTKY BARRIER RECTIFIER, SOD123"," PMEG10020AELRX",SOD123F,N/A,100V,N/A,"D3,D4",NEXPERIA," PMEG10020AELRX",REL,N/A,N/A,N/A,N/A,N/A,?,?
27,1,E049291,"DIO TVS SINGLE UNIDIRECTIONAL 58V 600W SOD-128, AEC-Q101"," PTVS58VP1UTP",SOD128,N/A,93.6V,600W,D5,NEXPERIA," PTVS58VP1UTP,115",REL,N/A,N/A,N/A,N/A,N/A,?,?
28,1,E058447,DIO TVS UNIDIRECTIONAL 82.4VC DO214AA," 824520511",DO214AA_A,N/A,51V,N/A,D6,WURTH ELEKTRONIK," 824520511",REL,N/A,N/A,N/A,N/A,N/A,?,?
29,1,E029843,DIO ULTRA FAST RECOVERY SILICON RECTIFIER," CMMR1U-02 TR",SOD123F,N/A,200V,N/A,D7,CENTRAL SEMICONDUCTOR," CMMR1U-02 TR LEAD FREE",REL,N/A,N/A,N/A,N/A,N/A,?,?
30,1,E059669,"DIO MEGA SCHOTTKY LOW VF BARRIER RECTIFIER, 10A"," PMEG045V100EPEZ",SOT1289,N/A,45V,N/A,D8,NEXPERIA," PMEG045V100EPEZ",REL,N/A,N/A,N/A,N/A,N/A,?,?
31,1,E031187,DIO SILICON ZENER," CMHZ5232B TR",SOD123-3,5,5.6V,1/2W,D9,CENTRAL SEMICONDUCTOR," CMHZ5232B TR",REL,N/A,N/A,N/A,N/A,N/A,?,?
32,2,E033291,"CONN-PCB 3POS MALE HDR UNSHROUDED SINGLE ROW ST, 2MM PITCH, 2.70MM SOLDER TAIL"," 62000311121",CNTHMHDR1X3L236W79H244,N/A,N/A,N/A,"JP1,JP2",WURTH ELEKTRONIK," 62000311121",REL,N/A,N/A,N/A,N/A,N/A,?,?
33,1,E032119,"IND COMMON MODE CHOKE DUAL 1:1, 0.14OHM DCR 1.1A"," 470UH",LSML236W362H209,50,80V,N/A,L1,BOURNS," SRF0905A-471Y",REL,N/A,N/A,N/A,N/A,N/A,?,?
34,1,E014273,IND POWER SHIELDED WIREWOUND 220UH 10% 100KHZ 1.05A 0.69 OHM DCR AEC-Q200," 220UH",LSMSQ484H318,10,N/A,N/A,L2,COILCRAFT," MSD1278T-224KLD",REL,N/A,N/A,N/A,N/A,N/A,?,?
35,1,E053387,"IND ISOLATED COUPLED 2200UH 30% 100KHZ 0.5A 0.4 OHM, PRELIM"," 2200UH",LSML280W236H189,30,2KV,N/A,L3,TDK," ICI70CGI-222N",RWC,N/A,N/A,N/A,N/A,N/A,?,?
36,1,E027397,LED CHIP LAMP GREEN 525NM (CLEAR)," APT1608LZGCK",LED0603,N/A,2.65V,0.075W,LED0,KINGBRIGHT ELECTRONIC," APT1608LZGCK",REL,N/A,N/A,N/A,N/A,N/A,?,?
37,1,E057694,LED ORANGE 605NM 0603," APT1608LSECK/J4-PRV",LED0603,N/A,1.8V,N/A,LED1,KINGBRIGHT ELECTRONIC," APT1608LSECK/J4-PRV",REL,N/A,N/A,N/A,N/A,N/A,?,?
38,1,E058695,"CONN-PCB 3POS TERMINAL BLOCK RA 2.54 MM PITCH, 3.5MM SOLDER TAIL"," 691210910003",CNWURTH691210910003,N/A,150V,N/A,P1,WURTH ELEKTRONIK," 691210910003",REL,N/A,N/A,N/A,N/A,N/A,?,?
39,1,E059670,"CONN-PCB T1 INDUSTRIAL JACK AH IP20 2POS 2.8MM PITCH, 2.1MM SOLDER TAIL"," 09452812810333",CNHARTING09452812810333,N/A,N/A,N/A,P2,HARTING," 09452812810333",REL,N/A,N/A,N/A,N/A,N/A,?,?
40,1,E033992,"CONN-PCB 40POS FEMALE HDR/SKT DOUBLE ROW ST, 2.54MM PITCH, 10MM SOLDER TAIL"," SSQ-120-03-T-D",CNTHFHDR2X20L2020W195H340,N/A,N/A,N/A,P3,SAMTEC INC.," SSQ-120-03-T-D",REL,N/A,N/A,N/A,N/A,N/A,?,?
41,1,E049297,TRAN N-CHANNEL MOSFET 100V 11.5A AEC-Q101," BUK9M120-100EX",SOT1210,N/A,100V,N/A,Q1,NEXPERIA," BUK9M120-100EX",REL,N/A,N/A,N/A,N/A,N/A,?,?
42,2,E022331,TRAN N-CHANNEL POWER MOSFET," BSS123LT1G",SOT23,N/A,100V,N/A,"Q2,Q3",ON SEMICONDUCTOR," BSS123LT1G",REL,N/A,N/A,N/A,N/A,N/A,?,?
43,1,E047346,TRAN DUAL N-CHANNEL MOSFET 100 8.5A AEC-Q101," BUK9K134-100EX",SOT1205,N/A,100V,32W,Q4,NEXPERIA," BUK9K134-100EX",REL,N/A,N/A,N/A,N/A,N/A,?,?
44,3,E031023,RES SMD 4.7MEG Ohm 5% 1/2W 2010 HIGH VOLTAGE," 4.7MEG",R2010,5,N/A,1/2W,"R1,R6,R7",BOURNS," CHV2010-JW-475ELF",REL,N/A,N/A,N/A,N/A,N/A,?,?
45,2,E010098,RES SMD 5.1K Ohm 1% 1/10W 0603," 5.1K",R0603,1,50V,1/10W,"R10,R12",BOURNS," CR0603-FX-5101ELF",REL,N/A,N/A,N/A,N/A,7007832,?,?
46,2,E003673,RES SMD 49.9 Ohm 1% 1/10W 0603 AEC-Q200," 49.9",R0603,1,N/A,1/10W,"R9,R11",PANASONIC," ERJ-3EKF49R9V",REL,A003-0032-008,41816DG314,N/A,N/A,N/A,?,?
47,2,E013703,RES SMD 10.2K Ohm 1% 1/10W 0603 AEC-Q200," 10.2K",R0603,1,N/A,1/10W,"R13,R14",PANASONIC," ERJ-3EKF1022V",REL,N/A,N/A,N/A,N/A,7005682,?,?
48,2,E003668,RES SMD 100 Ohm 1% 1/10W 0603 AEC-Q200," 100",R0603,1,N/A,1/10W,"R15,R24",PANASONIC," ERJ-3EKF1000V",REL,A003-0032-003,41816DG308,FEC 911-112,1514_CAB3,7005700,?,?
49,1,E022643,RES SMD 40.2 Ohm 0.1% 3/8W 0603," 40.2",R0603,0.1,N/A,3/8W,R16,VISHAY," PHP00603E40R2BST1",REL,N/A,N/A,N/A,N/A,N/A,?,?
50,3,E057861,RES SMD 3.3 OHM 1% 1/10W 0402  AEC-Q200," 3.3",R0603,1,N/A,1/10W,"R17,R18,R20",PANASONIC," ERJ3RQF3R3",REL,N/A,N/A,N/A,N/A,N/A,?,?
51,9,E003671,RES SMD 10K Ohm 1% 1/10W 0603 AEC-Q200," 10K",R0603,1,N/A,1/10W,"R19,R23,R37,R38,R39,R40,R41,R42,R46",PANASONIC," ERJ-3EKF1002V",REL,A003-0032-006,N/A,FEC 911-355,1517_CAB3,7000401,?,?
52,2,E035927,RES SMD 1K Ohm 1% 3/4W 1210," 1K",R1210,1,N/A,3/4W,"R2,R3",TE CONNECTIVITY," CRGP1210F1K0",REL,N/A,N/A,N/A,N/A,N/A,?,?
53,1,E003666,RES SMD 10 Ohm 1% 1/10W 0603 AEC-Q200," 10",R0603,1,N/A,1/10W,R21,PANASONIC," ERJ-3EKF10R0V",REL,A003-0032-001,41816DG315,FEC 910-995,N/A,7005634,?,?
54,1,E010279,RES SMD 100K Ohm 1% 1/10W 0603 AEC-Q200," 100K",R0603,1,50V,1/10W,R22,PANASONIC," ERJ-3EKF1003V",REL,A003-0032-128,41816DG576,N/A,N/A,N/A,?,?
55,1,E027926,RES SMD 316K Ohm 1% 1/10W 0603," 316K",R0603,1,N/A,1/10W,R25,YAGEO," RC0603FR-07316KL",REL,N/A,N/A,N/A,N/A,N/A,?,?
57,3,E003704,RES SMD 1.5K Ohm 1% 1/10W 0603 AEC-Q200," 1.5K",R0603,1,N/A,1/10W,"R27,R28,R29",PANASONIC," ERJ-3EKF1501V",REL,A003-0032-055,N/A,FEC 911-252,N/A,7005563,?,?
58,1,E004034,RES SMD 324 Ohm 1% 1/10W 0603 AEC-Q200," 324",R0603,1,N/A,1/10W,R30,PANASONIC," ERJ-3EKF3240V",REL,A003-0032-106,N/A,N/A,N/A,7007269,?,?
59,5,E031875,RES SMD 4.7K Ohm 5% 1/10W 0603," 4.7K",R0603,5,N/A,1/10W,"R31,R33,R34,R35,R36",YAGEO," RC0603JR-074K7L",REL,N/A,N/A,N/A,N/A,N/A,?,?
60,2,E029229,RES SMD 750 Ohm 1% 1/10W 0603 AEC-Q200," 750",R0603,1,N/A,1/10W,"R32,R48",VISHAY," CRCW0603750RFKEA",REL,N/A,N/A,N/A,N/A,N/A,?,?
61,2,E003518,RES SMD 1MEG Ohm 1% 1/8W 0805 AEC-Q200," 1MEG",R0805,1,N/A,1/8W,"R4,R5",PANASONIC," ERJ-6ENF1004V",REL,A003-0027-042,41816DG387,FEC 912-219,N/A,N/A,?,?
62,3,E057974,RES SMD 3.9K OHM 1% 1/10W 0603," 3.9K",R0603,1,N/A,1/10W,"R43,R44,R45",YAGEO," RC0603FR-073K9L",REL,N/A,N/A,N/A,N/A,N/A,?,?
63,1,E003684,RES SMD 249 Ohm 1% 1/10W 0603 AEC-Q200," 249",R0603,1,N/A,1/10W,R47,PANASONIC," ERJ-3EKF2490V",REL,A003-0032-019,41816DG937,N/A,234_BIN1-7E,N/A,?,?
64,1,E003678,RES SMD 1K Ohm 1% 1/10W 0603 AEC-Q200," 1K",R0603,1,N/A,1/10W,R8,PANASONIC," ERJ-3EKF1001V",REL,A003-0032-013,41816DG207,FEC 911-239,N/A,7001194,?,?
65,1,E043432,XFMR FLYBACK DC/DC CONV SMD," 750315125",TSMSQ530H505,N/A,N/A,N/A,T1,WURTH ELEKTRONIK," 750315125",REL,N/A,N/A,N/A,N/A,N/A,CUSTOM_PART,?
66,1,E025176,"SW TACTILE, MICROMINIATURE TOP ACTUATED, SPST-NO"," PTS830 GM140 SMTR LFS",SWSML102W120H59,N/A,N/A,N/A,TEST,C&K," PTS830 GM140 SMTR LFS",REL,N/A,N/A,N/A,N/A,N/A,?,?
67,1,E047147,IC-ADI INDUSTRIAL SPOE PD CONTROLLER PRELIM," LTC9111IDE#TRPBF",DFN12_4X3_PAD3_3X1_7,N/A,N/A,?,U1,ANALOG DEVICES," LTC9111IDE#TRPBF",RWC,N/A,N/A,N/A,N/A,N/A,?,?
68,1,E029541,IC-LIN 100VIN MICROPOWER NO-OPTO ISOLATED FLYBACK CONVERTER," LT8304HS8E-1#PBF",SO8NB_PAD3X2_49,N/A,N/A,?,U2,LINEAR TECHNOLOGY," LT8304HS8E-1#PBF",REL,N/A,N/A,N/A,N/A,N/A,?,?
69,1,E049968,"IC ROBUST, INDUSTRIAL, LOW POWER 10BASE-T1L ETHERNET MAC-PHY"," ADIN1110CCPZ",QFN40_6X6_PAD3_5X3_5,N/A,N/A,?,U3,ANALOG DEVICES," ADIN1110CCPZ",REL,N/A,N/A,N/A,N/A,N/A,?,?
70,1,E029518,IC-ADI 12-BIT DIGITAL TEMP SENSOR," ADT75BRMZ",MSOP8,N/A,N/A,?,U4,ANALOG DEVICES," ADT75BRMZ",REL,N/A,N/A,N/A,N/A,N/A,?,?
71,1,E029939,"IC-CMOS I2C SERIAL EEPROM, 32KB"," CAT24C32WI-GT3",SO8,N/A,N/A,?,U5,ONSEMI," CAT24C32WI-GT3",REL,N/A,N/A,N/A,N/A,N/A,?,?
72,1,E056118,IC CRYSTAL 25MHZ 10PF SMD," 25MEGHZ",YSML79W63H20_A,10ppm,N/A,N/A,Y1,"ECS, INC."," ECS-250-10-37B-CTN-TR",REL,N/A,N/A,N/A,N/A,N/A,?,?

Callouts File:C:\tmp\20_068269c\worklib\02_068269b_top\bom\bom.callouts
Mechanical Parts
ITEM#,Qty,WW_PN,DESCRIPTION," VALUE",JEDEC_TYPE,TOL,VOLTAGE,WATTAGE,LOCATION,MFG," MFG_PN",HLM_STATUS,STOCKROOM_WL,STOCKROOM_GT,STOCKROOM_LK,STOCKROOM_GBO,STOCKROOM_NSH,CUSTOM_PART,DNI
2,2,M023139,"SHUNT, JUMPER SKT ASSY 2MM PITCH 2POS BLACK"," ?",N/A,?,?,?,?,HARWIN," M22-1900005",REL,N/A,N/A,N/A,N/A,N/A,?,?


The following components are part of the PCB or are NOT to be installed
ITEM#,Qty,WW_PN,DESCRIPTION," VALUE",JEDEC_TYPE,TOL,VOLTAGE,WATTAGE,LOCATION,MFG," MFG_PN",HLM_STATUS,STOCKROOM_WL,STOCKROOM_GT,STOCKROOM_LK,STOCKROOM_GBO,STOCKROOM_NSH,CUSTOM_PART,DNI
 7,1,E000382,DO NOT INSTALL (TBD_C0603) PLEASE USE SYM_3 AND/OR SYM_4," TBD0603",C0603,TBD0603,TBD0603,N/A,C13,TBD0603," TBD0603",REL,TBD0603,N/A,N/A,N/A,N/A,?,DNI
 56,1,E031875,RES SMD 4.7K Ohm 5% 1/10W 0603," 4.7K",R0603,5,N/A,1/10W,R26,YAGEO," RC0603JR-074K7L",REL,N/A,N/A,N/A,N/A,N/A,?,DNI

